type,name,vaccDate,ownerName,ownerEmail,ownerPhone,likesWalks,crateTrained,likesCatNip,litterBoxTrained,canTalk,canFly,isRideable
Dog,Buddy,2025-03-14,,,,true,true,,,,,
Dog,Luna,,,,,true,false,,,,,
Dog,Max,2024-11-02,Sarah Mitchell,sarah.mitchell@example.com,8435550142,false,true,,,,,
Dog,Bella,2025-06-21,,,,false,false,,,,,
Cat,Whiskers,2025-01-09,,,,,,true,true,,,
Cat,Shadow,,,,,,,false,true,,,
Cat,Mittens,2024-08-17,James Carter,james.carter@example.com,8435550198,,,true,false,,,
Cat,Oliver,2025-04-30,,,,,,false,false,,,
Bird,Kiwi,2025-02-11,,,,,,,,true,false,
Bird,Sunny,,,,,,,,,false,true,
Bird,Rio,2024-12-05,Emily Nguyen,emily.nguyen@example.com,8435550117,,,,,true,true,
Bird,Pepper,,,,,,,,,false,false,
Horse,Thunder,2024-10-22,,,,,,,,,,true
Horse,Daisy,,,,,,,,,,,false
Horse,Maverick,2025-03-03,Michael Brooks,michael.brooks@example.com,8435550163,,,,,,,true
